file_urls,image_urls,name,price,url
,https://allo.uahttps://i.allo.ua/media/catalog/product/cache/3/small_image/212x184/9df78eab33525d08d6e5fb8d27136e95/o/v/overview05-img_1_1_1.jpg,Ноутбук Mi RedmiBook 15 i3/8/256 (JYU4436ID),21 999,https://allo.ua/ua/products/notebooks/mi-redmibook-15-i3-8-256-jyu4436id.html
,https://allo.uaNone,,,
,https://allo.uahttps://i.allo.ua/media/catalog/product/cache/3/small_image/212x184/9df78eab33525d08d6e5fb8d27136e95/o/v/overview05-img_1_1_1.jpg,,,
,https://allo.uahttps://i.allo.ua/media/catalog/product/cache/3/small_image/212x184/9df78eab33525d08d6e5fb8d27136e95/o/v/overview05-img_1_1_1.jpg,,,
,https://allo.uaNone,Ноутбук Mi RedmiBook 15 i3/8/256 (JYU4436ID),21 999,https://allo.ua/ua/products/notebooks/mi-redmibook-15-i3-8-256-jyu4436id.html
,https://allo.uaNone,,,
,https://allo.uaNone,,,
,https://allo.uaNone,,,
,https://allo.uaNone,,21 999,
,https://allo.uaNone,,,
,https://allo.uaNone,,,
,https://allo.uahttps://i.allo.ua/media/catalog/product/cache/3/small_image/212x184/9df78eab33525d08d6e5fb8d27136e95/5/d/5d95c7c8-c0b8-478b-8275-48471fa0ced1_result_1_2.jpg,Ноутбук ASUS X515EA-BQ3232 (90NB0TY1-M035C0),19 999,https://allo.ua/ua/products/notebooks/asus-x515ea-bq3232-90nb0ty1-m035c0.html
,https://allo.uaNone,,,
,https://allo.uahttps://i.allo.ua/media/catalog/product/cache/3/small_image/212x184/9df78eab33525d08d6e5fb8d27136e95/5/d/5d95c7c8-c0b8-478b-8275-48471fa0ced1_result_1_2.jpg,,,
,https://allo.uahttps://i.allo.ua/media/catalog/product/cache/3/small_image/212x184/9df78eab33525d08d6e5fb8d27136e95/5/d/5d95c7c8-c0b8-478b-8275-48471fa0ced1_result_1_2.jpg,,,
,https://allo.uaNone,Ноутбук ASUS X515EA-BQ3232 (90NB0TY1-M035C0),19 999,https://allo.ua/ua/products/notebooks/asus-x515ea-bq3232-90nb0ty1-m035c0.html
,https://allo.uaNone,,,
,https://allo.uaNone,,,
,https://allo.uaNone,,,
,https://allo.uaNone,,19 999,
,https://allo.uaNone,,,
,https://allo.uaNone,,,
,https://allo.uaNone,Ноутбук ASUS FX506LHB-HN324 (90NR03U2-M008H0),44 999,https://allo.ua/ua/products/notebooks/asus-fx506lhb-hn324-90nr03u2-m008h0.html
,https://allo.uaNone,,,
,https://allo.uaNone,,,
,https://allo.uaNone,,,
,https://allo.uaNone,Ноутбук ASUS FX506LHB-HN324 (90NR03U2-M008H0),44 999,https://allo.ua/ua/products/notebooks/asus-fx506lhb-hn324-90nr03u2-m008h0.html
,https://allo.uaNone,,,
,https://allo.uaNone,,,
,https://allo.uaNone,,,
,https://allo.uaNone,,44 999,
,https://allo.uaNone,,,
,https://allo.uaNone,,,
,https://allo.uaNone,Ноутбук Xiaomi RedmiBook Pro 14 R5/16G/512G/W11 (JYU4399CN),29 999,https://allo.ua/ua/products/notebooks/xiaomi-redmibook-pro-14-r5-16g-512g-w11-jyu4399cn.html
,https://allo.uaNone,,,
,https://allo.uaNone,,,
,https://allo.uaNone,,,
,https://allo.uaNone,Ноутбук Xiaomi RedmiBook Pro 14 R5/16G/512G/W11 (JYU4399CN),29 999,https://allo.ua/ua/products/notebooks/xiaomi-redmibook-pro-14-r5-16g-512g-w11-jyu4399cn.html
,https://allo.uaNone,,,
,https://allo.uaNone,,,
,https://allo.uaNone,,,
,https://allo.uaNone,,29 999,
,https://allo.uaNone,,,
,https://allo.uaNone,,,
,https://allo.uaNone,"Ноутбук Apple MacBook Air 13"" M2 256GB (MLY33) Midnight",64 999,https://allo.ua/ua/products/notebooks/apple-macbook-air-13-m2-256gb-mly33-midnight.html
,https://allo.uaNone,,,
,https://allo.uaNone,,,
,https://allo.uaNone,,,
,https://allo.uaNone,"Ноутбук Apple MacBook Air 13"" M2 256GB (MLY33) Midnight",64 999,https://allo.ua/ua/products/notebooks/apple-macbook-air-13-m2-256gb-mly33-midnight.html
,https://allo.uaNone,,,
,https://allo.uaNone,,,
,https://allo.uaNone,,,
,https://allo.uaNone,,64 999,
,https://allo.uaNone,,,
,https://allo.uaNone,,,
,https://allo.uaNone,Ноутбук Apple MacBook Air 13 M1 (MGN63) Space Grey,44 499,https://allo.ua/ua/products/notebooks/apple-macbook-air-13-m1-mgn63-space-grey.html
,https://allo.uaNone,,,
,https://allo.uaNone,,,
,https://allo.uaNone,,,
,https://allo.uaNone,Ноутбук Apple MacBook Air 13 M1 (MGN63) Space Grey,44 499,https://allo.ua/ua/products/notebooks/apple-macbook-air-13-m1-mgn63-space-grey.html
,https://allo.uaNone,,,
,https://allo.uaNone,,,
,https://allo.uaNone,,,
,https://allo.uaNone,,44 499,
,https://allo.uaNone,,,
,https://allo.uaNone,,,
,https://allo.uaNone,Ноутбук Lenovo V15 G2 ALC (82KD00DURA),25 999,https://allo.ua/ua/products/notebooks/lenovo-v15-g2-alc-82kd00dura.html
,https://allo.uaNone,,,
,https://allo.uaNone,,,
,https://allo.uaNone,,,
,https://allo.uaNone,Ноутбук Lenovo V15 G2 ALC (82KD00DURA),25 999,https://allo.ua/ua/products/notebooks/lenovo-v15-g2-alc-82kd00dura.html
,https://allo.uaNone,,,
,https://allo.uaNone,,,
,https://allo.uaNone,,,
,https://allo.uaNone,,25 999,
,https://allo.uaNone,,,
,https://allo.uaNone,,,
,https://allo.uaNone,Ноутбук Lenovo IdeaPad 1 15ADA7 (82R10048RA),16 999,https://allo.ua/ua/products/notebooks/lenovo-ideapad-1-15ada7-82r10048ra.html
,https://allo.uaNone,,,
,https://allo.uaNone,,,
,https://allo.uaNone,,,
,https://allo.uaNone,Ноутбук Lenovo IdeaPad 1 15ADA7 (82R10048RA),16 999,https://allo.ua/ua/products/notebooks/lenovo-ideapad-1-15ada7-82r10048ra.html
,https://allo.uaNone,,,
,https://allo.uaNone,,,
,https://allo.uaNone,,,
,https://allo.uaNone,,16 999,
,https://allo.uaNone,,,
,https://allo.uaNone,,,
,https://allo.uaNone,"Ноутбук Apple MacBook Pro 16"" M2 Pro 512GB MNW83 Space Grey",140 999,https://allo.ua/ua/products/notebooks/apple-macbook-pro-16-m2-pro-512gb-mnw83-space-grey.html
,https://allo.uaNone,,,
,https://allo.uaNone,,,
,https://allo.uaNone,,,
,https://allo.uaNone,"Ноутбук Apple MacBook Pro 16"" M2 Pro 512GB MNW83 Space Grey",140 999,https://allo.ua/ua/products/notebooks/apple-macbook-pro-16-m2-pro-512gb-mnw83-space-grey.html
,https://allo.uaNone,,,
,https://allo.uaNone,,,
,https://allo.uaNone,,,
,https://allo.uaNone,,140 999,
,https://allo.uaNone,,,
,https://allo.uaNone,,,
,https://allo.uaNone,Ноутбук Asus X515EA-EJ1413 (90NB0TY1-M23250),18 599,https://allo.ua/ua/products/notebooks/asus-x515ea-ej1413-90nb0ty1-m23250.html
,https://allo.uaNone,,,
,https://allo.uaNone,,,
,https://allo.uaNone,,,
,https://allo.uaNone,Ноутбук Asus X515EA-EJ1413 (90NB0TY1-M23250),18 599,https://allo.ua/ua/products/notebooks/asus-x515ea-ej1413-90nb0ty1-m23250.html
,https://allo.uaNone,,,
,https://allo.uaNone,,,
,https://allo.uaNone,,,
,https://allo.uaNone,,18 599,
,https://allo.uaNone,,,
,https://allo.uaNone,,,
,https://allo.uaNone,Ноутбук Acer Aspire 3 A317-53 (NX.AD0EU.00E),30 999,https://allo.ua/ua/products/notebooks/acer-aspire-3-a317-53-nx-ad0eu-00e.html
,https://allo.uaNone,,,
,https://allo.uaNone,,,
,https://allo.uaNone,,,
,https://allo.uaNone,Ноутбук Acer Aspire 3 A317-53 (NX.AD0EU.00E),30 999,https://allo.ua/ua/products/notebooks/acer-aspire-3-a317-53-nx-ad0eu-00e.html
,https://allo.uaNone,,,
,https://allo.uaNone,,,
,https://allo.uaNone,,,
,https://allo.uaNone,,30 999,
,https://allo.uaNone,,,
,https://allo.uaNone,,,
,https://allo.uaNone,Ноутбук Acer Aspire 5 A515-57G-57W3 (NX.K9TEU.006),38 999,https://allo.ua/ua/products/notebooks/acer-aspire-5-a515-57g-57w3-nx-k9teu-006.html
,https://allo.uaNone,,,
,https://allo.uaNone,,,
,https://allo.uaNone,,,
,https://allo.uaNone,Ноутбук Acer Aspire 5 A515-57G-57W3 (NX.K9TEU.006),38 999,https://allo.ua/ua/products/notebooks/acer-aspire-5-a515-57g-57w3-nx-k9teu-006.html
,https://allo.uaNone,,,
,https://allo.uaNone,,,
,https://allo.uaNone,,,
,https://allo.uaNone,,38 999,
,https://allo.uaNone,,,
,https://allo.uaNone,,,
,https://allo.uaNone,Ноутбук Lenovo IdeaPad Gaming 3 15ACH6 (82K200XMRA),36 555,https://allo.ua/ua/products/notebooks/lenovo-ideapad-gaming-3-15ach6-82k200tera_2.html
,https://allo.uaNone,,,
,https://allo.uaNone,,,
,https://allo.uaNone,,,
,https://allo.uaNone,Ноутбук Lenovo IdeaPad Gaming 3 15ACH6 (82K200XMRA),36 555,https://allo.ua/ua/products/notebooks/lenovo-ideapad-gaming-3-15ach6-82k200tera_2.html
,https://allo.uaNone,,,
,https://allo.uaNone,,,
,https://allo.uaNone,,,
,https://allo.uaNone,,36 555,
,https://allo.uaNone,,,
,https://allo.uaNone,,,
,https://allo.uaNone,Ноутбук Lenovo Ideapad 3i 15ITL6 (82H800UKRA),21 999,https://allo.ua/ua/products/notebooks/lenovo-ideapad-3i-15itl6-82h800ukra.html
,https://allo.uaNone,,,
,https://allo.uaNone,,,
,https://allo.uaNone,,,
,https://allo.uaNone,Ноутбук Lenovo Ideapad 3i 15ITL6 (82H800UKRA),21 999,https://allo.ua/ua/products/notebooks/lenovo-ideapad-3i-15itl6-82h800ukra.html
,https://allo.uaNone,,,
,https://allo.uaNone,,,
,https://allo.uaNone,,,
,https://allo.uaNone,,21 999,
,https://allo.uaNone,,,
,https://allo.uaNone,,,
,https://allo.uaNone,Ноутбук ASUS M1503IA-L1038 (90NB0Y61-M001E0),29 999,https://allo.ua/ua/products/notebooks/asus-m1503ia-l1038-90nb0y61-m001e0.html
,https://allo.uaNone,,,
,https://allo.uaNone,,,
,https://allo.uaNone,,,
,https://allo.uaNone,Ноутбук ASUS M1503IA-L1038 (90NB0Y61-M001E0),29 999,https://allo.ua/ua/products/notebooks/asus-m1503ia-l1038-90nb0y61-m001e0.html
,https://allo.uaNone,,,
,https://allo.uaNone,,,
,https://allo.uaNone,,,
,https://allo.uaNone,,29 999,
,https://allo.uaNone,,,
,https://allo.uaNone,,,
,https://allo.uaNone,Ноутбук ASUS X1402ZA-AM317W (90NB0WP2-M00NJ0),26 999,https://allo.ua/ua/products/notebooks/asus-x1402za-am317w-90nb0wp2-m00nj0.html
,https://allo.uaNone,,,
,https://allo.uaNone,,,
,https://allo.uaNone,,,
,https://allo.uaNone,Ноутбук ASUS X1402ZA-AM317W (90NB0WP2-M00NJ0),26 999,https://allo.ua/ua/products/notebooks/asus-x1402za-am317w-90nb0wp2-m00nj0.html
,https://allo.uaNone,,,
,https://allo.uaNone,,,
,https://allo.uaNone,,,
,https://allo.uaNone,,26 999,
,https://allo.uaNone,,,
,https://allo.uaNone,,,
,https://allo.uaNone,Ноутбук ASUS G513IC-HN004 (90NR0502-M003L0),43 999,https://allo.ua/ua/products/notebooks/asus-g513ic-hn004-90nr0502-m003l0.html
,https://allo.uaNone,,,
,https://allo.uaNone,,,
,https://allo.uaNone,,,
,https://allo.uaNone,Ноутбук ASUS G513IC-HN004 (90NR0502-M003L0),43 999,https://allo.ua/ua/products/notebooks/asus-g513ic-hn004-90nr0502-m003l0.html
,https://allo.uaNone,,,
,https://allo.uaNone,,,
,https://allo.uaNone,,,
,https://allo.uaNone,,43 999,
,https://allo.uaNone,,,
,https://allo.uaNone,,,
,https://allo.uaNone,Ноутбук ASUS X515JA-BR3970 (90NB0SR1-M02X60),23 999,https://allo.ua/ua/products/notebooks/asus-x515ja-br3970-90nb0sr1-m02x60.html
,https://allo.uaNone,,,
,https://allo.uaNone,,,
,https://allo.uaNone,,,
,https://allo.uaNone,Ноутбук ASUS X515JA-BR3970 (90NB0SR1-M02X60),23 999,https://allo.ua/ua/products/notebooks/asus-x515ja-br3970-90nb0sr1-m02x60.html
,https://allo.uaNone,,,
,https://allo.uaNone,,,
,https://allo.uaNone,,,
,https://allo.uaNone,,23 999,
,https://allo.uaNone,,,
,https://allo.uaNone,,,
,https://allo.uaNone,Ноутбук ASUS K513EA-L13440 (90NB0SG3-M019K0),28 999,https://allo.ua/ua/products/notebooks/asus-k513ea-l13440-90nb0sg3-m019k0.html
,https://allo.uaNone,,,
,https://allo.uaNone,,,
,https://allo.uaNone,,,
,https://allo.uaNone,Ноутбук ASUS K513EA-L13440 (90NB0SG3-M019K0),28 999,https://allo.ua/ua/products/notebooks/asus-k513ea-l13440-90nb0sg3-m019k0.html
,https://allo.uaNone,,,
,https://allo.uaNone,,,
,https://allo.uaNone,,,
,https://allo.uaNone,,28 999,
,https://allo.uaNone,,,
,https://allo.uaNone,,,
,https://allo.uaNone,"Ноутбук Apple MacBook Air 13"" M2 256GB (MLXW3) Space Grey",64 999,https://allo.ua/ua/products/notebooks/apple-macbook-air-13-m2-256gb-mlxw3-space-grey.html
,https://allo.uaNone,,,
,https://allo.uaNone,,,
,https://allo.uaNone,,,
,https://allo.uaNone,"Ноутбук Apple MacBook Air 13"" M2 256GB (MLXW3) Space Grey",64 999,https://allo.ua/ua/products/notebooks/apple-macbook-air-13-m2-256gb-mlxw3-space-grey.html
,https://allo.uaNone,,,
,https://allo.uaNone,,,
,https://allo.uaNone,,,
,https://allo.uaNone,,64 999,
,https://allo.uaNone,,,
,https://allo.uaNone,,,
,https://allo.uaNone,"Ноутбук Apple MacBook Air 13"" M2 256GB (MLXY3) Silver",64 999,https://allo.ua/ua/products/notebooks/apple-macbook-air-13-m2-256gb-mlxy3-silver.html
,https://allo.uaNone,,,
,https://allo.uaNone,,,
,https://allo.uaNone,,,
,https://allo.uaNone,"Ноутбук Apple MacBook Air 13"" M2 256GB (MLXY3) Silver",64 999,https://allo.ua/ua/products/notebooks/apple-macbook-air-13-m2-256gb-mlxy3-silver.html
,https://allo.uaNone,,,
,https://allo.uaNone,,,
,https://allo.uaNone,,,
,https://allo.uaNone,,64 999,
,https://allo.uaNone,,,
,https://allo.uaNone,,,
,https://allo.uaNone,"Ноутбук Apple MacBook Pro 16"" M1 Pro 512Gb MK1E3 Silver",124 999,https://allo.ua/ua/products/notebooks/noutbuk-apple-macbook-pro-16-silver.html
,https://allo.uaNone,,,
,https://allo.uaNone,,,
,https://allo.uaNone,,,
,https://allo.uaNone,"Ноутбук Apple MacBook Pro 16"" M1 Pro 512Gb MK1E3 Silver",124 999,https://allo.ua/ua/products/notebooks/noutbuk-apple-macbook-pro-16-silver.html
,https://allo.uaNone,,,
,https://allo.uaNone,,,
,https://allo.uaNone,,,
,https://allo.uaNone,,124 999,
,https://allo.uaNone,,,
,https://allo.uaNone,,,
,https://allo.uaNone,"Ноутбук Apple MacBook Air 13"" M2 256GB (MLY13) Starlight",64 999,https://allo.ua/ua/products/notebooks/apple-macbook-air-13-m2-256gb-mly13-starlight.html
,https://allo.uaNone,,,
,https://allo.uaNone,,,
,https://allo.uaNone,,,
,https://allo.uaNone,"Ноутбук Apple MacBook Air 13"" M2 256GB (MLY13) Starlight",64 999,https://allo.ua/ua/products/notebooks/apple-macbook-air-13-m2-256gb-mly13-starlight.html
,https://allo.uaNone,,,
,https://allo.uaNone,,,
,https://allo.uaNone,,,
,https://allo.uaNone,,64 999,
,https://allo.uaNone,,,
,https://allo.uaNone,,,
,https://allo.uaNone,Ноутбук Lenovo IdeaPad 1 15IAU7 (82QD004ARA),22 999,https://allo.ua/ua/products/notebooks/noutbuk-lenovo-ideapad-1-15iau7-82qd004ara.html
,https://allo.uaNone,,,
,https://allo.uaNone,,,
,https://allo.uaNone,,,
,https://allo.uaNone,Ноутбук Lenovo IdeaPad 1 15IAU7 (82QD004ARA),22 999,https://allo.ua/ua/products/notebooks/noutbuk-lenovo-ideapad-1-15iau7-82qd004ara.html
,https://allo.uaNone,,,
,https://allo.uaNone,,,
,https://allo.uaNone,,,
,https://allo.uaNone,,22 999,
,https://allo.uaNone,,,
,https://allo.uaNone,,,
,https://allo.uaNone,Ноутбук ASUS X515EP-EJ663 (90NB0TZ1-M00J40),31 999,https://allo.ua/ua/products/notebooks/asus-x515ep-ej663-90nb0tz1-m00j40.html
,https://allo.uaNone,,,
,https://allo.uaNone,,,
,https://allo.uaNone,,,
,https://allo.uaNone,Ноутбук ASUS X515EP-EJ663 (90NB0TZ1-M00J40),31 999,https://allo.ua/ua/products/notebooks/asus-x515ep-ej663-90nb0tz1-m00j40.html
,https://allo.uaNone,,,
,https://allo.uaNone,,,
,https://allo.uaNone,,,
,https://allo.uaNone,,31 999,
,https://allo.uaNone,,,
,https://allo.uaNone,,,
,https://allo.uaNone,Ноутбук Asus X515JA-BR3971W (90NB0SR1-M02XX0),22 999,https://allo.ua/ua/products/notebooks/asus-x515ja-br3971w-90nb0sr1-m02xx0.html
,https://allo.uaNone,,,
,https://allo.uaNone,,,
,https://allo.uaNone,,,
,https://allo.uaNone,Ноутбук Asus X515JA-BR3971W (90NB0SR1-M02XX0),22 999,https://allo.ua/ua/products/notebooks/asus-x515ja-br3971w-90nb0sr1-m02xx0.html
,https://allo.uaNone,,,
,https://allo.uaNone,,,
,https://allo.uaNone,,,
,https://allo.uaNone,,22 999,
,https://allo.uaNone,,,
,https://allo.uaNone,,,
,https://allo.uaNone,Ноутбук Acer Aspire 5 A515-57G-31U2 (NX.K2FEU.002),28 899,https://allo.ua/ua/products/notebooks/acer-aspire-5-a515-57g-31u2-nx-k2feu-002.html
,https://allo.uaNone,,,
,https://allo.uaNone,,,
,https://allo.uaNone,,,
,https://allo.uaNone,Ноутбук Acer Aspire 5 A515-57G-31U2 (NX.K2FEU.002),28 899,https://allo.ua/ua/products/notebooks/acer-aspire-5-a515-57g-31u2-nx-k2feu-002.html
,https://allo.uaNone,,,
,https://allo.uaNone,,,
,https://allo.uaNone,,,
,https://allo.uaNone,,28 899,
,https://allo.uaNone,,,
,https://allo.uaNone,,,
,https://allo.uaNone,Ноутбук ASUS K513EA-L13442 (90NB0SG2-M019M0),28 999,https://allo.ua/ua/products/notebooks/asus-k513ea-l13442-90nb0sg2-m019m0.html
,https://allo.uaNone,,,
,https://allo.uaNone,,,
,https://allo.uaNone,,,
,https://allo.uaNone,Ноутбук ASUS K513EA-L13442 (90NB0SG2-M019M0),28 999,https://allo.ua/ua/products/notebooks/asus-k513ea-l13442-90nb0sg2-m019m0.html
,https://allo.uaNone,,,
,https://allo.uaNone,,,
,https://allo.uaNone,,,
,https://allo.uaNone,,28 999,
,https://allo.uaNone,,,
,https://allo.uaNone,,,
,https://allo.uahttps://i.allo.ua/media/catalog/product/cache/3/small_image/212x184/9df78eab33525d08d6e5fb8d27136e95/2/2/2290274.jpg,Ноутбук Lenovo IdeaPad 1 15IJL7 (82LX0073RA),15 999,https://allo.ua/ua/products/notebooks/lenovo-ideapad-1-15ijl7-82lx0073ra.html
,https://allo.uaNone,,,
,https://allo.uahttps://i.allo.ua/media/catalog/product/cache/3/small_image/212x184/9df78eab33525d08d6e5fb8d27136e95/2/2/2290274.jpg,,,
,https://allo.uahttps://i.allo.ua/media/catalog/product/cache/3/small_image/212x184/9df78eab33525d08d6e5fb8d27136e95/2/2/2290274.jpg,,,
,https://allo.uaNone,Ноутбук Lenovo IdeaPad 1 15IJL7 (82LX0073RA),15 999,https://allo.ua/ua/products/notebooks/lenovo-ideapad-1-15ijl7-82lx0073ra.html
,https://allo.uaNone,,,
,https://allo.uaNone,,,
,https://allo.uaNone,,,
,https://allo.uaNone,,15 999,
,https://allo.uaNone,,,
,https://allo.uaNone,,,
,https://allo.uahttps://i.allo.ua/media/catalog/product/cache/3/small_image/212x184/9df78eab33525d08d6e5fb8d27136e95/import/2508962810569728.jpg,Ноутбук Dell XPS 13 2-in-1 (9310) (N940XPS9310UA_WP),109 999,https://allo.ua/ua/products/notebooks/dell-xps-13-2-in-1-9310-n940xps9310ua_wp.html
,https://allo.uaNone,,,
,https://allo.uahttps://i.allo.ua/media/catalog/product/cache/3/small_image/212x184/9df78eab33525d08d6e5fb8d27136e95/import/2508962810569728.jpg,,,
,https://allo.uahttps://i.allo.ua/media/catalog/product/cache/3/small_image/212x184/9df78eab33525d08d6e5fb8d27136e95/import/2508962810569728.jpg,,,
,https://allo.uaNone,Ноутбук Dell XPS 13 2-in-1 (9310) (N940XPS9310UA_WP),109 999,https://allo.ua/ua/products/notebooks/dell-xps-13-2-in-1-9310-n940xps9310ua_wp.html
,https://allo.uaNone,,,
,https://allo.uaNone,,,
,https://allo.uaNone,,,
,https://allo.uaNone,,109 999,
,https://allo.uaNone,,,
,https://allo.uaNone,,,
,https://allo.uaNone,Ноутбук Asus X515EP-BQ656 (90NB0TZ1-M00HW0),25 999,https://allo.ua/ua/products/notebooks/asus-x515ep-bq656-90nb0tz1-m00hw0.html
,https://allo.uaNone,,,
,https://allo.uaNone,,,
,https://allo.uaNone,,,
,https://allo.uaNone,Ноутбук Asus X515EP-BQ656 (90NB0TZ1-M00HW0),25 999,https://allo.ua/ua/products/notebooks/asus-x515ep-bq656-90nb0tz1-m00hw0.html
,https://allo.uaNone,,,
,https://allo.uaNone,,,
,https://allo.uaNone,,,
,https://allo.uaNone,,25 999,
,https://allo.uaNone,,,
,https://allo.uaNone,,,
,https://allo.uaNone,Ноутбук ASUS X515EP-BQ655 (90NB0TZ3-M00HV0),25 999,https://allo.ua/ua/products/notebooks/asus-x515ep-bq655-90nb0tz3-m00hv0.html
,https://allo.uaNone,,,
,https://allo.uaNone,,,
,https://allo.uaNone,,,
,https://allo.uaNone,Ноутбук ASUS X515EP-BQ655 (90NB0TZ3-M00HV0),25 999,https://allo.ua/ua/products/notebooks/asus-x515ep-bq655-90nb0tz3-m00hv0.html
,https://allo.uaNone,,,
,https://allo.uaNone,,,
,https://allo.uaNone,,,
,https://allo.uaNone,,25 999,
,https://allo.uaNone,,,
,https://allo.uaNone,,,
,https://allo.uaNone,Ноутбук ASUS M3500QC-KJ125 (90NB0UT2-M00E40),34 999,https://allo.ua/ua/products/notebooks/asus-m3500qc-kj125-90nb0ut2-m00e40.html
,https://allo.uaNone,,,
,https://allo.uaNone,,,
,https://allo.uaNone,,,
,https://allo.uaNone,Ноутбук ASUS M3500QC-KJ125 (90NB0UT2-M00E40),34 999,https://allo.ua/ua/products/notebooks/asus-m3500qc-kj125-90nb0ut2-m00e40.html
,https://allo.uaNone,,,
,https://allo.uaNone,,,
,https://allo.uaNone,,,
,https://allo.uaNone,,34 999,
,https://allo.uaNone,,,
,https://allo.uaNone,,,
,https://allo.uaNone,Ноутбук Lenovo IdeaPad Gaming 3 15IHU6 (82K101G3RA),31 999,https://allo.ua/ua/products/notebooks/lenovo-ideapad-gaming-3-15ihu6-82k101g3ra.html
,https://allo.uaNone,,,
,https://allo.uaNone,,,
,https://allo.uaNone,,,
,https://allo.uaNone,Ноутбук Lenovo IdeaPad Gaming 3 15IHU6 (82K101G3RA),31 999,https://allo.ua/ua/products/notebooks/lenovo-ideapad-gaming-3-15ihu6-82k101g3ra.html
,https://allo.uaNone,,,
,https://allo.uaNone,,,
,https://allo.uaNone,,,
,https://allo.uaNone,,31 999,
,https://allo.uaNone,,,
,https://allo.uaNone,,,
,https://allo.uaNone,Ноутбук Lenovo V14 (82KA003YRA),25 399,https://allo.ua/ua/products/notebooks/lenovo-v14-82ka003yra.html
,https://allo.uaNone,,,
,https://allo.uaNone,,,
,https://allo.uaNone,,,
,https://allo.uaNone,Ноутбук Lenovo V14 (82KA003YRA),25 399,https://allo.ua/ua/products/notebooks/lenovo-v14-82ka003yra.html
,https://allo.uaNone,,,
,https://allo.uaNone,,,
,https://allo.uaNone,,,
,https://allo.uaNone,,25 399,
,https://allo.uaNone,,,
,https://allo.uaNone,,,
,https://allo.uaNone,Ноутбук ASUS K513EA-L12041 (90NB0SG3-M00NU0),34 999,https://allo.ua/ua/products/notebooks/asus-k513ea-l12041-90nb0sg3-m00nu0.html
,https://allo.uaNone,,,
,https://allo.uaNone,,,
,https://allo.uaNone,,,
,https://allo.uaNone,Ноутбук ASUS K513EA-L12041 (90NB0SG3-M00NU0),34 999,https://allo.ua/ua/products/notebooks/asus-k513ea-l12041-90nb0sg3-m00nu0.html
,https://allo.uaNone,,,
,https://allo.uaNone,,,
,https://allo.uaNone,,,
,https://allo.uaNone,,34 999,
,https://allo.uaNone,,,
,https://allo.uaNone,,,
,https://allo.uaNone,Ноутбук Acer Swift 1 SF114-34 (NX.A7BEU.00E) Gold,18 999,https://allo.ua/ua/products/notebooks/acer-swift-1-sf114-34-nx-a7beu-00e-gold.html
,https://allo.uaNone,,,
,https://allo.uaNone,,,
,https://allo.uaNone,,,
,https://allo.uaNone,Ноутбук Acer Swift 1 SF114-34 (NX.A7BEU.00E) Gold,18 999,https://allo.ua/ua/products/notebooks/acer-swift-1-sf114-34-nx-a7beu-00e-gold.html
,https://allo.uaNone,,,
,https://allo.uaNone,,,
,https://allo.uaNone,,,
,https://allo.uaNone,,18 999,
,https://allo.uaNone,,,
,https://allo.uaNone,,,
,https://allo.uaNone,Ноутбук Asus FX506HM-HN017 (90NR0753-M01170),51 999,https://allo.ua/ua/products/notebooks/asus-fx506hm-hn017-90nr0753-m01170.html
,https://allo.uaNone,,,
,https://allo.uaNone,,,
,https://allo.uaNone,,,
,https://allo.uaNone,Ноутбук Asus FX506HM-HN017 (90NR0753-M01170),51 999,https://allo.ua/ua/products/notebooks/asus-fx506hm-hn017-90nr0753-m01170.html
,https://allo.uaNone,,,
,https://allo.uaNone,,,
,https://allo.uaNone,,,
,https://allo.uaNone,,51 999,
,https://allo.uaNone,,,
,https://allo.uaNone,,,
,https://allo.uaNone,Ноутбук HP 250 G8 (27K02EA) Asteroid Silver,21 999,https://allo.ua/ua/products/notebooks/hp-250-g8-27k02ea-asteroid-silver.html
,https://allo.uaNone,,,
,https://allo.uaNone,,,
,https://allo.uaNone,,,
,https://allo.uaNone,Ноутбук HP 250 G8 (27K02EA) Asteroid Silver,21 999,https://allo.ua/ua/products/notebooks/hp-250-g8-27k02ea-asteroid-silver.html
,https://allo.uaNone,,,
,https://allo.uaNone,,,
,https://allo.uaNone,,,
,https://allo.uaNone,,21 999,
,https://allo.uaNone,,,
,https://allo.uaNone,,,
,https://allo.uaNone,Ноутбук Acer Nitro 5 AN515-46 (NH.QGXEU.005),37 999,https://allo.ua/ua/products/notebooks/acer-nitro-5-an515-46-nh-qgxeu-005.html
,https://allo.uaNone,,,
,https://allo.uaNone,,,
,https://allo.uaNone,,,
,https://allo.uaNone,Ноутбук Acer Nitro 5 AN515-46 (NH.QGXEU.005),37 999,https://allo.ua/ua/products/notebooks/acer-nitro-5-an515-46-nh-qgxeu-005.html
,https://allo.uaNone,,,
,https://allo.uaNone,,,
,https://allo.uaNone,,,
,https://allo.uaNone,,37 999,
,https://allo.uaNone,,,
,https://allo.uaNone,,,
,https://allo.uaNone,Ноутбук Lenovo IdeaPad Gaming 3 15ACH6 (82K20212RA),31 999,https://allo.ua/ua/products/notebooks/lenovo-ideapad-gaming-3-15ach6-82k20212ra.html
,https://allo.uaNone,,,
,https://allo.uaNone,,,
,https://allo.uaNone,,,
,https://allo.uaNone,Ноутбук Lenovo IdeaPad Gaming 3 15ACH6 (82K20212RA),31 999,https://allo.ua/ua/products/notebooks/lenovo-ideapad-gaming-3-15ach6-82k20212ra.html
,https://allo.uaNone,,,
,https://allo.uaNone,,,
,https://allo.uaNone,,,
,https://allo.uaNone,,31 999,
,https://allo.uaNone,,,
,https://allo.uaNone,,,
,https://allo.uaNone,Ноутбук Lenovo IdeaPad Gaming 3 15IAH7 (82S900EXRA),49 999,https://allo.ua/ua/products/notebooks/lenovo-ideapad-gaming-3-15iah7-82s900exra.html
,https://allo.uaNone,,,
,https://allo.uaNone,,,
,https://allo.uaNone,,,
,https://allo.uaNone,Ноутбук Lenovo IdeaPad Gaming 3 15IAH7 (82S900EXRA),49 999,https://allo.ua/ua/products/notebooks/lenovo-ideapad-gaming-3-15iah7-82s900exra.html
,https://allo.uaNone,,,
,https://allo.uaNone,,,
,https://allo.uaNone,,,
,https://allo.uaNone,,49 999,
,https://allo.uaNone,,,
,https://allo.uaNone,,,
,https://allo.uaNone,Ноутбук Acer Nitro 5 AN515-57 (NH.QEKEU.008),33 999,https://allo.ua/ua/products/notebooks/noutbuk-acer-nitro-5-an515-57-nh-qekeu-008.html
,https://allo.uaNone,,,
,https://allo.uaNone,,,
,https://allo.uaNone,,,
,https://allo.uaNone,Ноутбук Acer Nitro 5 AN515-57 (NH.QEKEU.008),33 999,https://allo.ua/ua/products/notebooks/noutbuk-acer-nitro-5-an515-57-nh-qekeu-008.html
,https://allo.uaNone,,,
,https://allo.uaNone,,,
,https://allo.uaNone,,,
,https://allo.uaNone,,33 999,
,https://allo.uaNone,,,
,https://allo.uaNone,,,
,https://allo.uaNone,Ноутбук HP 250 G8 (2X7W8EA),14 599,https://allo.ua/ua/products/notebooks/noutbuk-hp-250-g8-2x7w8ea.html
,https://allo.uaNone,,,
,https://allo.uaNone,,,
,https://allo.uaNone,,,
,https://allo.uaNone,Ноутбук HP 250 G8 (2X7W8EA),14 599,https://allo.ua/ua/products/notebooks/noutbuk-hp-250-g8-2x7w8ea.html
,https://allo.uaNone,,,
,https://allo.uaNone,,,
,https://allo.uaNone,,,
,https://allo.uaNone,,14 599,
,https://allo.uaNone,,,
,https://allo.uaNone,,,
,https://allo.uaNone,Ноутбук Acer Nitro 5 AN515-45-R4M1 (NH.QBBEU.004),43 999,https://allo.ua/ua/products/notebooks/acer-nitro-5-an515-45-r4m1-nh-qbbeu-004.html
,https://allo.uaNone,,,
,https://allo.uaNone,,,
,https://allo.uaNone,,,
,https://allo.uaNone,Ноутбук Acer Nitro 5 AN515-45-R4M1 (NH.QBBEU.004),43 999,https://allo.ua/ua/products/notebooks/acer-nitro-5-an515-45-r4m1-nh-qbbeu-004.html
,https://allo.uaNone,,,
,https://allo.uaNone,,,
,https://allo.uaNone,,,
,https://allo.uaNone,,43 999,
,https://allo.uaNone,,,
,https://allo.uaNone,,,
,https://allo.uaNone,Ноутбук Apple MacBook Pro 13 M2 256GB (MNEH3) Space Grey,71 999,https://allo.ua/ua/products/notebooks/apple-macbook-pro-13-m2-256gb-mneh3-space-grey.html
,https://allo.uaNone,,,
,https://allo.uaNone,,,
,https://allo.uaNone,,,
,https://allo.uaNone,Ноутбук Apple MacBook Pro 13 M2 256GB (MNEH3) Space Grey,71 999,https://allo.ua/ua/products/notebooks/apple-macbook-pro-13-m2-256gb-mneh3-space-grey.html
,https://allo.uaNone,,,
,https://allo.uaNone,,,
,https://allo.uaNone,,,
,https://allo.uaNone,,71 999,
,https://allo.uaNone,,,
,https://allo.uaNone,,,
,https://allo.uaNone,Ноутбук Acer Aspire 3 A317-52 (NX.HZWEU.003),23 599,https://allo.ua/ua/products/notebooks/acer-aspire-3-a317-52-nx-hzweu-003.html
,https://allo.uaNone,,,
,https://allo.uaNone,,,
,https://allo.uaNone,,,
,https://allo.uaNone,Ноутбук Acer Aspire 3 A317-52 (NX.HZWEU.003),23 599,https://allo.ua/ua/products/notebooks/acer-aspire-3-a317-52-nx-hzweu-003.html
,https://allo.uaNone,,,
,https://allo.uaNone,,,
,https://allo.uaNone,,,
,https://allo.uaNone,,23 599,
,https://allo.uaNone,,,
,https://allo.uaNone,,,
,https://allo.uaNone,Ноутбук Lenovo V15 GEN2 ITL (82KB0009RA),18 999,https://allo.ua/ua/products/notebooks/lenovo-v15-gen2-itl-82kb0009ra_1.html
,https://allo.uaNone,,,
,https://allo.uaNone,,,
,https://allo.uaNone,,,
,https://allo.uaNone,Ноутбук Lenovo V15 GEN2 ITL (82KB0009RA),18 999,https://allo.ua/ua/products/notebooks/lenovo-v15-gen2-itl-82kb0009ra_1.html
,https://allo.uaNone,,,
,https://allo.uaNone,,,
,https://allo.uaNone,,,
,https://allo.uaNone,,18 999,
,https://allo.uaNone,,,
,https://allo.uaNone,,,
,https://allo.uaNone,Ноутбук Lenovo V15 G2 ALC (82KD00DVRA),19 699,https://allo.ua/ua/products/notebooks/lenovo-v15-g2-alc-82kd00dvra.html
,https://allo.uaNone,,,
,https://allo.uaNone,,,
,https://allo.uaNone,,,
,https://allo.uaNone,Ноутбук Lenovo V15 G2 ALC (82KD00DVRA),19 699,https://allo.ua/ua/products/notebooks/lenovo-v15-g2-alc-82kd00dvra.html
,https://allo.uaNone,,,
,https://allo.uaNone,,,
,https://allo.uaNone,,,
,https://allo.uaNone,,19 699,
,https://allo.uaNone,,,
,https://allo.uaNone,,,
,https://allo.uaNone,Ноутбук Dream Machines RG3050Ti-15 (RG3050TI-15UA20),48 999,https://allo.ua/ua/products/notebooks/dream-machines-rg3050ti-15-rg3050ti-15ua20.html
,https://allo.uaNone,,,
,https://allo.uaNone,,,
,https://allo.uaNone,,,
,https://allo.uaNone,Ноутбук Dream Machines RG3050Ti-15 (RG3050TI-15UA20),48 999,https://allo.ua/ua/products/notebooks/dream-machines-rg3050ti-15-rg3050ti-15ua20.html
,https://allo.uaNone,,,
,https://allo.uaNone,,,
,https://allo.uaNone,,,
,https://allo.uaNone,,48 999,
,https://allo.uaNone,,,
,https://allo.uaNone,,,
,https://allo.uaNone,Ноутбук Lenovo Legion 5 15ACH6H (82JU00YLRA),61 999,https://allo.ua/ua/products/notebooks/lenovo-legion-5-15ach6h-82ju00ylra.html
,https://allo.uaNone,,,
,https://allo.uaNone,,,
,https://allo.uaNone,,,
,https://allo.uaNone,Ноутбук Lenovo Legion 5 15ACH6H (82JU00YLRA),61 999,https://allo.ua/ua/products/notebooks/lenovo-legion-5-15ach6h-82ju00ylra.html
,https://allo.uaNone,,,
,https://allo.uaNone,,,
,https://allo.uaNone,,,
,https://allo.uaNone,,61 999,
,https://allo.uaNone,,,
,https://allo.uaNone,,,
,https://allo.uaNone,Ноутбук Lenovo Legion 5i 15IMH05H (81Y600SYRA),39 499,https://allo.ua/ua/products/notebooks/lenovo-legion-5i-15imh05h-81y600syra.html
,https://allo.uaNone,,,
,https://allo.uaNone,,,
,https://allo.uaNone,,,
,https://allo.uaNone,Ноутбук Lenovo Legion 5i 15IMH05H (81Y600SYRA),39 499,https://allo.ua/ua/products/notebooks/lenovo-legion-5i-15imh05h-81y600syra.html
,https://allo.uaNone,,,
,https://allo.uaNone,,,
,https://allo.uaNone,,,
,https://allo.uaNone,,39 499,
,https://allo.uaNone,,,
,https://allo.uaNone,,,
,https://allo.uaNone,Ноутбук Lenovo IdeaPad Gaming 3 15IHU6 (82K101FJRA),29 999,https://allo.ua/ua/products/notebooks/noutbuk-lenovo-ideapad-gaming-3-15ihu6-82k101fjra.html
,https://allo.uaNone,,,
,https://allo.uaNone,,,
,https://allo.uaNone,,,
,https://allo.uaNone,Ноутбук Lenovo IdeaPad Gaming 3 15IHU6 (82K101FJRA),29 999,https://allo.ua/ua/products/notebooks/noutbuk-lenovo-ideapad-gaming-3-15ihu6-82k101fjra.html
,https://allo.uaNone,,,
,https://allo.uaNone,,,
,https://allo.uaNone,,,
,https://allo.uaNone,,29 999,
,https://allo.uaNone,,,
,https://allo.uaNone,,,
,https://allo.uaNone,Ноутбук Lenovo ThinkBook 14 (20VD0096RA),28 649,https://allo.ua/ua/products/notebooks/lenovo-thinkbook-14-20vd0096ra.html
,https://allo.uaNone,,,
,https://allo.uaNone,,,
,https://allo.uaNone,,,
,https://allo.uaNone,Ноутбук Lenovo ThinkBook 14 (20VD0096RA),28 649,https://allo.ua/ua/products/notebooks/lenovo-thinkbook-14-20vd0096ra.html
,https://allo.uaNone,,,
,https://allo.uaNone,,,
,https://allo.uaNone,,,
,https://allo.uaNone,,28 649,
,https://allo.uaNone,,,
,https://allo.uaNone,,,
,https://allo.uaNone,Ноутбук Lenovo Ideapad Gaming 3 15ACH6 (82K200XKRA),48 999,https://allo.ua/ua/products/notebooks/lenovo-ideapad-gaming-3-15ach6-82k200xkra.html
,https://allo.uaNone,,,
,https://allo.uaNone,,,
,https://allo.uaNone,,,
,https://allo.uaNone,Ноутбук Lenovo Ideapad Gaming 3 15ACH6 (82K200XKRA),48 999,https://allo.ua/ua/products/notebooks/lenovo-ideapad-gaming-3-15ach6-82k200xkra.html
,https://allo.uaNone,,,
,https://allo.uaNone,,,
,https://allo.uaNone,,,
,https://allo.uaNone,,48 999,
,https://allo.uaNone,,,
,https://allo.uaNone,,,
,https://allo.uaNone,Ноутбук MSI GF66 Katana (GF6611UD-1050XUA),49 999,https://allo.ua/ua/products/notebooks/msi-gf66-katana-gf6611ud-1050xua.html
,https://allo.uaNone,,,
,https://allo.uaNone,,,
,https://allo.uaNone,,,
,https://allo.uaNone,Ноутбук MSI GF66 Katana (GF6611UD-1050XUA),49 999,https://allo.ua/ua/products/notebooks/msi-gf66-katana-gf6611ud-1050xua.html
,https://allo.uaNone,,,
,https://allo.uaNone,,,
,https://allo.uaNone,,,
,https://allo.uaNone,,49 999,
,https://allo.uaNone,,,
,https://allo.uaNone,,,
,https://allo.uahttps://i.allo.ua/media/catalog/product/cache/3/small_image/212x184/9df78eab33525d08d6e5fb8d27136e95/import/2507088810562735.jpg,Ноутбук Lenovo V15 G2 (82KB0006RA),17 999,https://allo.ua/ua/products/notebooks/lenovo-v15-g2-82kb0006ra.html
,https://allo.uaNone,,,
,https://allo.uahttps://i.allo.ua/media/catalog/product/cache/3/small_image/212x184/9df78eab33525d08d6e5fb8d27136e95/import/2507088810562735.jpg,,,
,https://allo.uahttps://i.allo.ua/media/catalog/product/cache/3/small_image/212x184/9df78eab33525d08d6e5fb8d27136e95/import/2507088810562735.jpg,,,
,https://allo.uaNone,Ноутбук Lenovo V15 G2 (82KB0006RA),17 999,https://allo.ua/ua/products/notebooks/lenovo-v15-g2-82kb0006ra.html
,https://allo.uaNone,,,
,https://allo.uaNone,,,
,https://allo.uaNone,,,
,https://allo.uaNone,,17 999,
,https://allo.uaNone,,,
,https://allo.uaNone,,,
,https://allo.uahttps://i.allo.ua/media/catalog/product/cache/3/small_image/212x184/9df78eab33525d08d6e5fb8d27136e95/n/o/noutbuk-dell-vostro-3525-carbon-black-n1010vnb3525ua_ubu-54981340393893.jpg,Ноутбук Dell Vostro 3525 (N1010VNB3525UA_UBU),25 999,https://allo.ua/ua/products/notebooks/dell-vostro-3525-n1010vnb3525ua_ubu.html
,https://allo.uaNone,,,
,https://allo.uahttps://i.allo.ua/media/catalog/product/cache/3/small_image/212x184/9df78eab33525d08d6e5fb8d27136e95/n/o/noutbuk-dell-vostro-3525-carbon-black-n1010vnb3525ua_ubu-54981340393893.jpg,,,
,https://allo.uahttps://i.allo.ua/media/catalog/product/cache/3/small_image/212x184/9df78eab33525d08d6e5fb8d27136e95/n/o/noutbuk-dell-vostro-3525-carbon-black-n1010vnb3525ua_ubu-54981340393893.jpg,,,
,https://allo.uaNone,Ноутбук Dell Vostro 3525 (N1010VNB3525UA_UBU),25 999,https://allo.ua/ua/products/notebooks/dell-vostro-3525-n1010vnb3525ua_ubu.html
,https://allo.uaNone,,,
,https://allo.uaNone,,,
,https://allo.uaNone,,,
,https://allo.uaNone,,25 999,
,https://allo.uaNone,,,
,https://allo.uaNone,,,
,https://allo.uaNone,"Ноутбук HP 255 G8 15.6"" (3V5H6EA)",20 255,https://allo.ua/ua/products/notebooks/hp-255-g8-15-6-3v5h6ea.html
,https://allo.uaNone,,,
,https://allo.uaNone,,,
,https://allo.uaNone,,,
,https://allo.uaNone,"Ноутбук HP 255 G8 15.6"" (3V5H6EA)",20 255,https://allo.ua/ua/products/notebooks/hp-255-g8-15-6-3v5h6ea.html
,https://allo.uaNone,,,
,https://allo.uaNone,,,
,https://allo.uaNone,,,
,https://allo.uaNone,,20 255,
,https://allo.uaNone,,,
,https://allo.uaNone,,,
,https://allo.uaNone,Ноутбук Lenovo ThinkPad X1 Extreme 3 (20TK002SRA),150 627,https://allo.ua/ua/products/notebooks/noutbuk-lenovo-thinkpad-x1-extreme-3-20tk002sra.html
,https://allo.uaNone,,,
,https://allo.uaNone,,,
,https://allo.uaNone,,,
,https://allo.uaNone,Ноутбук Lenovo ThinkPad X1 Extreme 3 (20TK002SRA),150 627,https://allo.ua/ua/products/notebooks/noutbuk-lenovo-thinkpad-x1-extreme-3-20tk002sra.html
,https://allo.uaNone,,,
,https://allo.uaNone,,,
,https://allo.uaNone,,,
,https://allo.uaNone,,150 627,
,https://allo.uaNone,,,
,https://allo.uaNone,,,
,https://allo.uaNone,Ноутбук Lenovo IdeaPad 1 15IGL7 (82V7003WRA),15 599,https://allo.ua/ua/products/notebooks/lenovo-ideapad-1-15igl7-82v7003wra_1.html
,https://allo.uaNone,,,
,https://allo.uaNone,,,
,https://allo.uaNone,,,
,https://allo.uaNone,Ноутбук Lenovo IdeaPad 1 15IGL7 (82V7003WRA),15 599,https://allo.ua/ua/products/notebooks/lenovo-ideapad-1-15igl7-82v7003wra_1.html
,https://allo.uaNone,,,
,https://allo.uaNone,,,
,https://allo.uaNone,,,
,https://allo.uaNone,,15 599,
,https://allo.uaNone,,,
,https://allo.uaNone,,,
,https://allo.uaNone,Ноутбук Lenovo V15 GEN2 ITL (82KB00BWRA),26 199,https://allo.ua/ua/products/notebooks/lenovo-v15-gen2-itl-82kb00bwra.html
,https://allo.uaNone,,,
,https://allo.uaNone,,,
,https://allo.uaNone,,,
,https://allo.uaNone,Ноутбук Lenovo V15 GEN2 ITL (82KB00BWRA),26 199,https://allo.ua/ua/products/notebooks/lenovo-v15-gen2-itl-82kb00bwra.html
,https://allo.uaNone,,,
,https://allo.uaNone,,,
,https://allo.uaNone,,,
,https://allo.uaNone,,26 199,
,https://allo.uaNone,,,
,https://allo.uaNone,,,
,https://allo.uaNone,Ноутбук Gigabyte G5 MD (G5_MD-51UK123SO),42 499,https://allo.ua/ua/products/notebooks/gigabyte-g5-md-g5_md-51uk123so.html
,https://allo.uaNone,,,
,https://allo.uaNone,,,
,https://allo.uaNone,,,
,https://allo.uaNone,Ноутбук Gigabyte G5 MD (G5_MD-51UK123SO),42 499,https://allo.ua/ua/products/notebooks/gigabyte-g5-md-g5_md-51uk123so.html
,https://allo.uaNone,,,
,https://allo.uaNone,,,
,https://allo.uaNone,,,
,https://allo.uaNone,,42 499,
,https://allo.uaNone,,,
,https://allo.uaNone,,,
,https://allo.uaNone,Ноутбук Lenovo V14 (82KA001JRA),20 499,https://allo.ua/ua/products/notebooks/noutbuk-lenovo-v14-82ka001jra.html
,https://allo.uaNone,,,
,https://allo.uaNone,,,
,https://allo.uaNone,,,
,https://allo.uaNone,Ноутбук Lenovo V14 (82KA001JRA),20 499,https://allo.ua/ua/products/notebooks/noutbuk-lenovo-v14-82ka001jra.html
,https://allo.uaNone,,,
,https://allo.uaNone,,,
,https://allo.uaNone,,,
,https://allo.uaNone,,20 499,
,https://allo.uaNone,,,
,https://allo.uaNone,,,
,https://allo.uaNone,Ноутбук Dream Machines RG3050Ti-17 (RG3050TI-17UA36),53 999,https://allo.ua/ua/products/notebooks/dream-machines-rg3050ti-17-rg3050ti-17ua36.html
,https://allo.uaNone,,,
,https://allo.uaNone,,,
,https://allo.uaNone,,,
,https://allo.uaNone,Ноутбук Dream Machines RG3050Ti-17 (RG3050TI-17UA36),53 999,https://allo.ua/ua/products/notebooks/dream-machines-rg3050ti-17-rg3050ti-17ua36.html
,https://allo.uaNone,,,
,https://allo.uaNone,,,
,https://allo.uaNone,,,
,https://allo.uaNone,,53 999,
,https://allo.uaNone,,,
,https://allo.uaNone,,,
,https://allo.uaNone,Ноутбук Lenovo ThinkBook 15 (21A4003DRA),24 679,https://allo.ua/ua/products/notebooks/lenovo-thinkbook-15-21a4003dra.html
,https://allo.uaNone,,,
,https://allo.uaNone,,,
,https://allo.uaNone,,,
,https://allo.uaNone,Ноутбук Lenovo ThinkBook 15 (21A4003DRA),24 679,https://allo.ua/ua/products/notebooks/lenovo-thinkbook-15-21a4003dra.html
,https://allo.uaNone,,,
,https://allo.uaNone,,,
,https://allo.uaNone,,,
,https://allo.uaNone,,24 679,
,https://allo.uaNone,,,
,https://allo.uaNone,,,
,https://allo.uaNone,Ноутбук HP 250 G8 (3V5F9EA),14 555,https://allo.ua/ua/products/notebooks/noutbuk-hp-250-g8-3v5f9ea_2.html
,https://allo.uaNone,,,
,https://allo.uaNone,,,
,https://allo.uaNone,,,
,https://allo.uaNone,Ноутбук HP 250 G8 (3V5F9EA),14 555,https://allo.ua/ua/products/notebooks/noutbuk-hp-250-g8-3v5f9ea_2.html
,https://allo.uaNone,,,
,https://allo.uaNone,,,
,https://allo.uaNone,,,
,https://allo.uaNone,,14 555,
,https://allo.uaNone,,,
,https://allo.uaNone,,,
,https://allo.uaNone,Ноутбук Lenovo IdeaPad 5 14ITL05 (82FE0175RA),26 999,https://allo.ua/ua/products/notebooks/lenovo-ideapad-5-14itl05-82fe0175ra.html
,https://allo.uaNone,,,
,https://allo.uaNone,,,
,https://allo.uaNone,,,
,https://allo.uaNone,Ноутбук Lenovo IdeaPad 5 14ITL05 (82FE0175RA),26 999,https://allo.ua/ua/products/notebooks/lenovo-ideapad-5-14itl05-82fe0175ra.html
,https://allo.uaNone,,,
,https://allo.uaNone,,,
,https://allo.uaNone,,,
,https://allo.uaNone,,26 999,
,https://allo.uaNone,,,
,https://allo.uaNone,,,
,https://allo.uaNone,"Ноутбук Apple MacBook Air 13"" M2 512GB (MLXX3) Space Grey",82 999,https://allo.ua/ua/products/notebooks/apple-macbook-air-13-m2-512gb-mlxx3-space-grey.html
,https://allo.uaNone,,,
,https://allo.uaNone,,,
,https://allo.uaNone,,,
,https://allo.uaNone,"Ноутбук Apple MacBook Air 13"" M2 512GB (MLXX3) Space Grey",82 999,https://allo.ua/ua/products/notebooks/apple-macbook-air-13-m2-512gb-mlxx3-space-grey.html
,https://allo.uaNone,,,
,https://allo.uaNone,,,
,https://allo.uaNone,,,
,https://allo.uaNone,,82 999,
,https://allo.uaNone,,,
,https://allo.uaNone,,,
,https://allo.uaNone,Ноутбук Lenovo IdeaPad 1 15IJL7 (82LX006SRA),16 499,https://allo.ua/ua/products/notebooks/lenovo-ideapad-1-15ijl7-82lx006sra.html
,https://allo.uaNone,,,
,https://allo.uaNone,,,
,https://allo.uaNone,,,
,https://allo.uaNone,Ноутбук Lenovo IdeaPad 1 15IJL7 (82LX006SRA),16 499,https://allo.ua/ua/products/notebooks/lenovo-ideapad-1-15ijl7-82lx006sra.html
,https://allo.uaNone,,,
,https://allo.uaNone,,,
,https://allo.uaNone,,,
,https://allo.uaNone,,16 499,
,https://allo.uaNone,,,
,https://allo.uaNone,,,
,https://allo.uaNone,Ноутбук Asus K6500ZE-L1168 (90NB0XQ2-M00740),49 999,https://allo.ua/ua/products/notebooks/asus-k6500ze-l1168-90nb0xq2-m00740.html
,https://allo.uaNone,,,
,https://allo.uaNone,,,
,https://allo.uaNone,,,
,https://allo.uaNone,Ноутбук Asus K6500ZE-L1168 (90NB0XQ2-M00740),49 999,https://allo.ua/ua/products/notebooks/asus-k6500ze-l1168-90nb0xq2-m00740.html
,https://allo.uaNone,,,
,https://allo.uaNone,,,
,https://allo.uaNone,,,
,https://allo.uaNone,,49 999,
,https://allo.uaNone,,,
,https://allo.uaNone,,,
,https://allo.uaNone,Ноутбук Lenovo ThinkBook 15 (20VE00G2RA),29 999,https://allo.ua/ua/products/notebooks/noutbuk-lenovo-thinkbook-15-20ve00g2ra.html
,https://allo.uaNone,,,
,https://allo.uaNone,,,
,https://allo.uaNone,,,
,https://allo.uaNone,Ноутбук Lenovo ThinkBook 15 (20VE00G2RA),29 999,https://allo.ua/ua/products/notebooks/noutbuk-lenovo-thinkbook-15-20ve00g2ra.html
,https://allo.uaNone,,,
,https://allo.uaNone,,,
,https://allo.uaNone,,,
,https://allo.uaNone,,29 999,
,https://allo.uaNone,,,
,https://allo.uaNone,,,
,https://allo.uaNone,Ноутбук Lenovo ThinkBook 15 G2 ITL (20VE009ARA),23 495,https://allo.ua/ua/products/notebooks/lenovo-thinkbook-15-g2-itl-20ve009ara.html
,https://allo.uaNone,,,
,https://allo.uaNone,,,
,https://allo.uaNone,,,
,https://allo.uaNone,Ноутбук Lenovo ThinkBook 15 G2 ITL (20VE009ARA),23 495,https://allo.ua/ua/products/notebooks/lenovo-thinkbook-15-g2-itl-20ve009ara.html
,https://allo.uaNone,,,
,https://allo.uaNone,,,
,https://allo.uaNone,,,
,https://allo.uaNone,,23 495,
,https://allo.uaNone,,,
,https://allo.uaNone,,,
,https://allo.uaNone,Ноутбук ASUS X515JA-EJ3377W (90NB0SR2-M02WR0),23 999,https://allo.ua/ua/products/notebooks/asus-x515ja-ej3377w-90nb0sr2-m02wr0.html
,https://allo.uaNone,,,
,https://allo.uaNone,,,
,https://allo.uaNone,,,
,https://allo.uaNone,Ноутбук ASUS X515JA-EJ3377W (90NB0SR2-M02WR0),23 999,https://allo.ua/ua/products/notebooks/asus-x515ja-ej3377w-90nb0sr2-m02wr0.html
,https://allo.uaNone,,,
,https://allo.uaNone,,,
,https://allo.uaNone,,,
,https://allo.uaNone,,23 999,
,https://allo.uaNone,,,
,https://allo.uaNone,,,
,https://allo.uaNone,Ноутбук Dream Machines G1650-15 (G1650-15UA71),42 599,https://allo.ua/ua/products/notebooks/dream-machines-g1650-15-g1650-15ua71.html
,https://allo.uaNone,,,
,https://allo.uaNone,,,
,https://allo.uaNone,,,
,https://allo.uaNone,Ноутбук Dream Machines G1650-15 (G1650-15UA71),42 599,https://allo.ua/ua/products/notebooks/dream-machines-g1650-15-g1650-15ua71.html
,https://allo.uaNone,,,
,https://allo.uaNone,,,
,https://allo.uaNone,,,
,https://allo.uaNone,,42 599,
,https://allo.uaNone,,,
,https://allo.uaNone,,,
,https://allo.uaNone,Ноутбук Acer Nitro 5 AN515-55 (NH.QB0EU.008),46 999,https://allo.ua/ua/products/notebooks/acer-nitro-5-an515-55-nh-qb0eu-008.html
,https://allo.uaNone,,,
,https://allo.uaNone,,,
,https://allo.uaNone,,,
,https://allo.uaNone,Ноутбук Acer Nitro 5 AN515-55 (NH.QB0EU.008),46 999,https://allo.ua/ua/products/notebooks/acer-nitro-5-an515-55-nh-qb0eu-008.html
,https://allo.uaNone,,,
,https://allo.uaNone,,,
,https://allo.uaNone,,,
,https://allo.uaNone,,46 999,
,https://allo.uaNone,,,
,https://allo.uaNone,,,
,https://allo.uaNone,Ноутбук Lenovo ThinkBook 15 G4 IAP (21DJ009FRA),33 799,https://allo.ua/ua/products/notebooks/lenovo-thinkbook-15-g4-iap-21dj009fra_1.html
,https://allo.uaNone,,,
,https://allo.uaNone,,,
,https://allo.uaNone,,,
,https://allo.uaNone,Ноутбук Lenovo ThinkBook 15 G4 IAP (21DJ009FRA),33 799,https://allo.ua/ua/products/notebooks/lenovo-thinkbook-15-g4-iap-21dj009fra_1.html
,https://allo.uaNone,,,
,https://allo.uaNone,,,
,https://allo.uaNone,,,
,https://allo.uaNone,,33 799,
,https://allo.uaNone,,,
,https://allo.uaNone,,,
,https://allo.uaNone,Ноутбук ASUS Vivobook M1502IA-BQ092 (90NB0Y53-M003H0),26 999,https://allo.ua/ua/products/notebooks/noutbuk-asus-vivobook-m1502ia-bq092-90nb0y53-m003h0.html
,https://allo.uaNone,,,
,https://allo.uaNone,,,
,https://allo.uaNone,,,
,https://allo.uaNone,Ноутбук ASUS Vivobook M1502IA-BQ092 (90NB0Y53-M003H0),26 999,https://allo.ua/ua/products/notebooks/noutbuk-asus-vivobook-m1502ia-bq092-90nb0y53-m003h0.html
,https://allo.uaNone,,,
,https://allo.uaNone,,,
,https://allo.uaNone,,,
,https://allo.uaNone,,26 999,
,https://allo.uaNone,,,
,https://allo.uaNone,,,
,https://allo.uaNone,"Ноутбук Apple MacBook Pro 16"" M2 Pro 1TB MNW93 Space Grey",152 999,https://allo.ua/ua/products/notebooks/apple-macbook-pro-16-m2-pro-1tb-mnw93-space-grey.html
,https://allo.uaNone,,,
,https://allo.uaNone,,,
,https://allo.uaNone,,,
,https://allo.uaNone,"Ноутбук Apple MacBook Pro 16"" M2 Pro 1TB MNW93 Space Grey",152 999,https://allo.ua/ua/products/notebooks/apple-macbook-pro-16-m2-pro-1tb-mnw93-space-grey.html
,https://allo.uaNone,,,
,https://allo.uaNone,,,
,https://allo.uaNone,,,
,https://allo.uaNone,,152 999,
,https://allo.uaNone,,,
,https://allo.uaNone,,,
,https://allo.uaNone,Ноутбук Lenovo Legion5 15ACH6 (82JW00QERA),50 999,https://allo.ua/ua/products/notebooks/lenovo-legion5-15ach6-82jw00qera.html
,https://allo.uaNone,,,
,https://allo.uaNone,,,
,https://allo.uaNone,,,
,https://allo.uaNone,Ноутбук Lenovo Legion5 15ACH6 (82JW00QERA),50 999,https://allo.ua/ua/products/notebooks/lenovo-legion5-15ach6-82jw00qera.html
,https://allo.uaNone,,,
,https://allo.uaNone,,,
,https://allo.uaNone,,,
,https://allo.uaNone,,50 999,
,https://allo.uaNone,,,
,https://allo.uaNone,,,
,https://allo.uaNone,Ноутбук Lenovo ThinkBook 14 (20VD0009RA),29 599,https://allo.ua/ua/products/notebooks/lenovo-thinkbook-14-20vd0009ra.html
,https://allo.uaNone,,,
,https://allo.uaNone,,,
,https://allo.uaNone,,,
,https://allo.uaNone,Ноутбук Lenovo ThinkBook 14 (20VD0009RA),29 599,https://allo.ua/ua/products/notebooks/lenovo-thinkbook-14-20vd0009ra.html
,https://allo.uaNone,,,
,https://allo.uaNone,,,
,https://allo.uaNone,,,
,https://allo.uaNone,,29 599,
,https://allo.uaNone,,,
,https://allo.uaNone,,,
,https://allo.uaNone,Ноутбук Acer Aspire 3 A315-35-P31Z (NX.A6LEU.00M),14 599,https://allo.ua/ua/products/notebooks/acer-aspire-3-a315-35-p31z-nx-a6leu-00m.html
,https://allo.uaNone,,,
,https://allo.uaNone,,,
,https://allo.uaNone,,,
,https://allo.uaNone,Ноутбук Acer Aspire 3 A315-35-P31Z (NX.A6LEU.00M),14 599,https://allo.ua/ua/products/notebooks/acer-aspire-3-a315-35-p31z-nx-a6leu-00m.html
,https://allo.uaNone,,,
,https://allo.uaNone,,,
,https://allo.uaNone,,,
,https://allo.uaNone,,14 599,
,https://allo.uaNone,,,
,https://allo.uaNone,,,
,https://allo.uaNone,Ноутбук Asus X515EP-BQ317 (90NB0TZ1-M04470),24 999,https://allo.ua/ua/products/notebooks/asus-x515ep-bq317-90nb0tz1-m04470.html
,https://allo.uaNone,,,
,https://allo.uaNone,,,
,https://allo.uaNone,,,
,https://allo.uaNone,Ноутбук Asus X515EP-BQ317 (90NB0TZ1-M04470),24 999,https://allo.ua/ua/products/notebooks/asus-x515ep-bq317-90nb0tz1-m04470.html
,https://allo.uaNone,,,
,https://allo.uaNone,,,
,https://allo.uaNone,,,
,https://allo.uaNone,,24 999,
,https://allo.uaNone,,,
,https://allo.uaNone,,,
,https://allo.uaNone,Ноутбук Lenovo IdeaPad Gaming 3 15ACH6 (82K201N9RA),33 999,https://allo.ua/ua/products/notebooks/lenovo-ideapad-gaming-3-15ach6-82k201n9ra.html
,https://allo.uaNone,,,
,https://allo.uaNone,,,
,https://allo.uaNone,,,
,https://allo.uaNone,Ноутбук Lenovo IdeaPad Gaming 3 15ACH6 (82K201N9RA),33 999,https://allo.ua/ua/products/notebooks/lenovo-ideapad-gaming-3-15ach6-82k201n9ra.html
,https://allo.uaNone,,,
,https://allo.uaNone,,,
,https://allo.uaNone,,,
,https://allo.uaNone,,33 999,
,https://allo.uaNone,,,
,https://allo.uaNone,,,
,https://allo.uahttps://i.allo.ua/media/catalog/product/cache/3/small_image/212x184/9df78eab33525d08d6e5fb8d27136e95/a/s/asus-tuf-gaming-f15-fx506hc-hn006-90nr0723-m01150-eclipse-gray.jpg,Ноутбук Asus FX506HC-HN006 (90NR0723-M01150),41 999,https://allo.ua/ua/products/notebooks/asus-fx506hc-hn006-90nr0723-m01150.html
,https://allo.uaNone,,,
,https://allo.uahttps://i.allo.ua/media/catalog/product/cache/3/small_image/212x184/9df78eab33525d08d6e5fb8d27136e95/a/s/asus-tuf-gaming-f15-fx506hc-hn006-90nr0723-m01150-eclipse-gray.jpg,,,
,https://allo.uahttps://i.allo.ua/media/catalog/product/cache/3/small_image/212x184/9df78eab33525d08d6e5fb8d27136e95/a/s/asus-tuf-gaming-f15-fx506hc-hn006-90nr0723-m01150-eclipse-gray.jpg,,,
,https://allo.uaNone,Ноутбук Asus FX506HC-HN006 (90NR0723-M01150),41 999,https://allo.ua/ua/products/notebooks/asus-fx506hc-hn006-90nr0723-m01150.html
,https://allo.uaNone,,,
,https://allo.uaNone,,,
,https://allo.uaNone,,,
,https://allo.uaNone,,41 999,
,https://allo.uaNone,,,
,https://allo.uaNone,,,
,https://allo.uahttps://i.allo.ua/media/catalog/product/cache/3/small_image/212x184/9df78eab33525d08d6e5fb8d27136e95/import/145864606135649_1_1.jpg,Ноутбук Lenovo Legion5 15IMH6 (82NL00B9RA),42 999,https://allo.ua/ua/products/notebooks/lenovo-legion5-15imh6-82nl00b9ra.html
,https://allo.uaNone,,,
,https://allo.uahttps://i.allo.ua/media/catalog/product/cache/3/small_image/212x184/9df78eab33525d08d6e5fb8d27136e95/import/145864606135649_1_1.jpg,,,
,https://allo.uahttps://i.allo.ua/media/catalog/product/cache/3/small_image/212x184/9df78eab33525d08d6e5fb8d27136e95/import/145864606135649_1_1.jpg,,,
,https://allo.uaNone,Ноутбук Lenovo Legion5 15IMH6 (82NL00B9RA),42 999,https://allo.ua/ua/products/notebooks/lenovo-legion5-15imh6-82nl00b9ra.html
,https://allo.uaNone,,,
,https://allo.uaNone,,,
,https://allo.uaNone,,,
,https://allo.uaNone,,42 999,
,https://allo.uaNone,,,
,https://allo.uaNone,,,
,https://allo.uaNone,"Ноутбук Apple MacBook Air 13"" M2 512GB (MLY43) Midnight",82 999,https://allo.ua/ua/products/notebooks/apple-macbook-air-13-m2-512gb-mly43-midnight.html
,https://allo.uaNone,,,
,https://allo.uaNone,,,
,https://allo.uaNone,,,
,https://allo.uaNone,"Ноутбук Apple MacBook Air 13"" M2 512GB (MLY43) Midnight",82 999,https://allo.ua/ua/products/notebooks/apple-macbook-air-13-m2-512gb-mly43-midnight.html
,https://allo.uaNone,,,
,https://allo.uaNone,,,
,https://allo.uaNone,,,
,https://allo.uaNone,,82 999,
,https://allo.uaNone,,,
,https://allo.uaNone,,,
,https://allo.uaNone,Ноутбук Acer Aspire 3 A315-34 (NX.HE3EU.043) Black,13 399,https://allo.ua/ua/products/notebooks/acer-aspire-3-a315-34-nx-he3eu-043-black.html
,https://allo.uaNone,,,
,https://allo.uaNone,,,
,https://allo.uaNone,,,
,https://allo.uaNone,Ноутбук Acer Aspire 3 A315-34 (NX.HE3EU.043) Black,13 399,https://allo.ua/ua/products/notebooks/acer-aspire-3-a315-34-nx-he3eu-043-black.html
,https://allo.uaNone,,,
,https://allo.uaNone,,,
,https://allo.uaNone,,,
,https://allo.uaNone,,13 399,
,https://allo.uaNone,,,
,https://allo.uaNone,,,
,https://allo.uaNone,Ноутбук Acer Swift Edge SFA16-41 (NX.KABEU.006),73 999,https://allo.ua/ua/products/notebooks/acer-swift-edge-sfa16-41-nx-kabeu-006.html
,https://allo.uaNone,,,
,https://allo.uaNone,,,
,https://allo.uaNone,,,
,https://allo.uaNone,Ноутбук Acer Swift Edge SFA16-41 (NX.KABEU.006),73 999,https://allo.ua/ua/products/notebooks/acer-swift-edge-sfa16-41-nx-kabeu-006.html
,https://allo.uaNone,,,
,https://allo.uaNone,,,
,https://allo.uaNone,,,
,https://allo.uaNone,,73 999,
,https://allo.uaNone,,,
,https://allo.uaNone,,,
,https://allo.uaNone,Ноутбук Lenovo V15 G2 ALC (82KD002RRA),20 999,https://allo.ua/ua/products/notebooks/lenovo-v15-g2-alc-82kd002rra.html
,https://allo.uaNone,,,
,https://allo.uaNone,,,
,https://allo.uaNone,,,
,https://allo.uaNone,Ноутбук Lenovo V15 G2 ALC (82KD002RRA),20 999,https://allo.ua/ua/products/notebooks/lenovo-v15-g2-alc-82kd002rra.html
,https://allo.uaNone,,,
,https://allo.uaNone,,,
,https://allo.uaNone,,,
,https://allo.uaNone,,20 999,
,https://allo.uaNone,,,
,https://allo.uaNone,,,
,https://allo.uaNone,Ноутбук Apple MacBook Air 13 M1 (MGND3) Gold,44 499,https://allo.ua/ua/products/notebooks/apple-macbook-air-13-m1-mgnd3-gold.html
,https://allo.uaNone,,,
,https://allo.uaNone,,,
,https://allo.uaNone,,,
,https://allo.uaNone,Ноутбук Apple MacBook Air 13 M1 (MGND3) Gold,44 499,https://allo.ua/ua/products/notebooks/apple-macbook-air-13-m1-mgnd3-gold.html
,https://allo.uaNone,,,
,https://allo.uaNone,,,
,https://allo.uaNone,,,
,https://allo.uaNone,,44 499,
,https://allo.uaNone,,,
,https://allo.uaNone,,,
,https://allo.uaNone,Ноутбук ASUS UM425QA-KI198 (90NB0TV1-M00AN0),29 999,https://allo.ua/ua/products/notebooks/asus-um425qa-ki198-90nb0tv1-m00an0.html
,https://allo.uaNone,,,
,https://allo.uaNone,,,
,https://allo.uaNone,,,
,https://allo.uaNone,Ноутбук ASUS UM425QA-KI198 (90NB0TV1-M00AN0),29 999,https://allo.ua/ua/products/notebooks/asus-um425qa-ki198-90nb0tv1-m00an0.html
,https://allo.uaNone,,,
,https://allo.uaNone,,,
,https://allo.uaNone,,,
,https://allo.uaNone,,29 999,
,https://allo.uaNone,,,
,https://allo.uaNone,,,
,https://allo.uaNone,Ноутбук Apple MacBook Air 13 M1 (MGN93) Silver,44 499,https://allo.ua/ua/products/notebooks/apple-macbook-air-13-m1-mgn93-silver.html
,https://allo.uaNone,,,
,https://allo.uaNone,,,
,https://allo.uaNone,,,
,https://allo.uaNone,Ноутбук Apple MacBook Air 13 M1 (MGN93) Silver,44 499,https://allo.ua/ua/products/notebooks/apple-macbook-air-13-m1-mgn93-silver.html
,https://allo.uaNone,,,
,https://allo.uaNone,,,
,https://allo.uaNone,,,
,https://allo.uaNone,,44 499,
,https://allo.uaNone,,,
,https://allo.uaNone,,,
,https://allo.uaNone,Ноутбук Mi RedmiBook 15 i5/8/512 (JYU4509EU),27 999,https://allo.ua/ua/products/notebooks/mi-redmibook-15-i5-8-512-jyu4509eu.html
,https://allo.uaNone,,,
,https://allo.uaNone,,,
,https://allo.uaNone,,,
,https://allo.uaNone,Ноутбук Mi RedmiBook 15 i5/8/512 (JYU4509EU),27 999,https://allo.ua/ua/products/notebooks/mi-redmibook-15-i5-8-512-jyu4509eu.html
,https://allo.uaNone,,,
,https://allo.uaNone,,,
,https://allo.uaNone,,,
,https://allo.uaNone,,27 999,
,https://allo.uaNone,,,
,https://allo.uaNone,,,
,https://allo.uaNone,Ноутбук Mi RedmiBook 15 i3/8/512 (JYU4508EU),25 999,https://allo.ua/ua/products/notebooks/mi-redmibook-15-i3-8-512-jyu4508eu.html
,https://allo.uaNone,,,
,https://allo.uaNone,,,
,https://allo.uaNone,,,
,https://allo.uaNone,Ноутбук Mi RedmiBook 15 i3/8/512 (JYU4508EU),25 999,https://allo.ua/ua/products/notebooks/mi-redmibook-15-i3-8-512-jyu4508eu.html
,https://allo.uaNone,,,
,https://allo.uaNone,,,
,https://allo.uaNone,,,
,https://allo.uaNone,,25 999,
,https://allo.uaNone,,,
,https://allo.uaNone,,,
,https://allo.uaNone,Ноутбук Mi RedmiBook Air 13 i7/16/512/W (JYU4301CN-1),29 999,https://allo.ua/ua/products/notebooks/mi-redmibook-air-13-i7-16-512-w-jyu4301cn-1.html
,https://allo.uaNone,,,
,https://allo.uaNone,,,
,https://allo.uaNone,,,
,https://allo.uaNone,Ноутбук Mi RedmiBook Air 13 i7/16/512/W (JYU4301CN-1),29 999,https://allo.ua/ua/products/notebooks/mi-redmibook-air-13-i7-16-512-w-jyu4301cn-1.html
,https://allo.uaNone,,,
,https://allo.uaNone,,,
,https://allo.uaNone,,,
,https://allo.uaNone,,29 999,
,https://allo.uaNone,,,
,https://allo.uaNone,,,
,https://allo.uaNone,Ноутбук Asus X1502ZA-BQ644 (90NB0VX1-M00V50),25 999,https://allo.ua/ua/products/notebooks/asus-x1502za-bq644-90nb0vx1-m00v50.html
,https://allo.uaNone,,,
,https://allo.uaNone,,,
,https://allo.uaNone,,,
,https://allo.uaNone,Ноутбук Asus X1502ZA-BQ644 (90NB0VX1-M00V50),25 999,https://allo.ua/ua/products/notebooks/asus-x1502za-bq644-90nb0vx1-m00v50.html
,https://allo.uaNone,,,
,https://allo.uaNone,,,
,https://allo.uaNone,,,
,https://allo.uaNone,,25 999,
,https://allo.uaNone,,,
,https://allo.uaNone,,,
,https://allo.uaNone,Ноутбук ASUS ROG Strix G15 G513IM-HN008 (90NR0522-M005M0),49 999,https://allo.ua/ua/products/notebooks/asus-rog-strix-g15-g513im-hn008-90nr0522-m005m0.html
,https://allo.uaNone,,,
,https://allo.uaNone,,,
,https://allo.uaNone,,,
,https://allo.uaNone,Ноутбук ASUS ROG Strix G15 G513IM-HN008 (90NR0522-M005M0),49 999,https://allo.ua/ua/products/notebooks/asus-rog-strix-g15-g513im-hn008-90nr0522-m005m0.html
,https://allo.uaNone,,,
,https://allo.uaNone,,,
,https://allo.uaNone,,,
,https://allo.uaNone,,49 999,
,https://allo.uaNone,,,
,https://allo.uaNone,,,
,https://allo.uaNone,Ноутбук Lenovo Legion 5 15IMH05 (82AU00JMRA),37 999,https://allo.ua/ua/products/notebooks/lenovo-legion-5-15imh05-82au00jmra.html
,https://allo.uaNone,,,
,https://allo.uaNone,,,
,https://allo.uaNone,,,
,https://allo.uaNone,Ноутбук Lenovo Legion 5 15IMH05 (82AU00JMRA),37 999,https://allo.ua/ua/products/notebooks/lenovo-legion-5-15imh05-82au00jmra.html
,https://allo.uaNone,,,
,https://allo.uaNone,,,
,https://allo.uaNone,,,
,https://allo.uaNone,,37 999,
,https://allo.uaNone,,,
,https://allo.uaNone,,,
,https://allo.uaNone,Ноутбук Mi RedmiBook 15 i3/8/256 (JYU4507EU),23 999,https://allo.ua/ua/products/notebooks/mi-redmibook-15-i3-8-256-jyu4507eu.html
,https://allo.uaNone,,,
,https://allo.uaNone,,,
,https://allo.uaNone,,,
,https://allo.uaNone,Ноутбук Mi RedmiBook 15 i3/8/256 (JYU4507EU),23 999,https://allo.ua/ua/products/notebooks/mi-redmibook-15-i3-8-256-jyu4507eu.html
,https://allo.uaNone,,,
,https://allo.uaNone,,,
,https://allo.uaNone,,,
,https://allo.uaNone,,23 999,
,https://allo.uaNone,,,
,https://allo.uaNone,,,
,https://allo.uaNone,Ноутбук ASUS Vivobook 16X M1603IA-MB080 (90NB0Y42-M003N0),26 499,https://allo.ua/ua/products/notebooks/asus-vivobook-16x-m1603ia-mb080-90nb0y42-m003n0.html
,https://allo.uaNone,,,
,https://allo.uaNone,,,
,https://allo.uaNone,,,
,https://allo.uaNone,Ноутбук ASUS Vivobook 16X M1603IA-MB080 (90NB0Y42-M003N0),26 499,https://allo.ua/ua/products/notebooks/asus-vivobook-16x-m1603ia-mb080-90nb0y42-m003n0.html
,https://allo.uaNone,,,
,https://allo.uaNone,,,
,https://allo.uaNone,,,
,https://allo.uaNone,,26 499,
,https://allo.uaNone,,,
,https://allo.uaNone,,,
,https://allo.uaNone,Ноутбук Mi RedmiBook 13 i7/16/512/W (JYU4301CN),29 999,https://allo.ua/ua/products/notebooks/noutbuk-mi-redmibook-air-13-i7-16-512-mx250-w-jyu4301cn.html
,https://allo.uaNone,,,
,https://allo.uaNone,,,
,https://allo.uaNone,,,
,https://allo.uaNone,Ноутбук Mi RedmiBook 13 i7/16/512/W (JYU4301CN),29 999,https://allo.ua/ua/products/notebooks/noutbuk-mi-redmibook-air-13-i7-16-512-mx250-w-jyu4301cn.html
,https://allo.uaNone,,,
,https://allo.uaNone,,,
,https://allo.uaNone,,,
,https://allo.uaNone,,29 999,
,https://allo.uaNone,,,
,https://allo.uaNone,,,
,https://allo.uaNone,Ноутбук Lenovo Legion5 15IMH6 (82NL00B8RA),39 999,https://allo.ua/ua/products/notebooks/lenovo-legion5-15imh6-82nl00b8ra.html
,https://allo.uaNone,,,
,https://allo.uaNone,,,
,https://allo.uaNone,,,
,https://allo.uaNone,Ноутбук Lenovo Legion5 15IMH6 (82NL00B8RA),39 999,https://allo.ua/ua/products/notebooks/lenovo-legion5-15imh6-82nl00b8ra.html
,https://allo.uaNone,,,
,https://allo.uaNone,,,
,https://allo.uaNone,,,
,https://allo.uaNone,,39 999,
,https://allo.uaNone,,,
,https://allo.uaNone,,,
,https://allo.uaNone,Ноутбук ASUS K513EA-L13441 (90NB0SG1-M019L0),23 999,https://allo.ua/ua/products/notebooks/asus-k513ea-l13441-90nb0sg1-m019l0.html
,https://allo.uaNone,,,
,https://allo.uaNone,,,
,https://allo.uaNone,,,
,https://allo.uaNone,Ноутбук ASUS K513EA-L13441 (90NB0SG1-M019L0),23 999,https://allo.ua/ua/products/notebooks/asus-k513ea-l13441-90nb0sg1-m019l0.html
,https://allo.uaNone,,,
,https://allo.uaNone,,,
,https://allo.uaNone,,,
,https://allo.uaNone,,23 999,
,https://allo.uaNone,,,
,https://allo.uaNone,,,
,https://allo.uaNone,Ноутбук Asus G513IE-HN004 (90NR0582-M002T0),41 999,https://allo.ua/ua/products/notebooks/asus-g513ie-hn004-90nr0582-m002t0.html
,https://allo.uaNone,,,
,https://allo.uaNone,,,
,https://allo.uaNone,,,
,https://allo.uaNone,Ноутбук Asus G513IE-HN004 (90NR0582-M002T0),41 999,https://allo.ua/ua/products/notebooks/asus-g513ie-hn004-90nr0582-m002t0.html
,https://allo.uaNone,,,
,https://allo.uaNone,,,
,https://allo.uaNone,,,
,https://allo.uaNone,,41 999,
,https://allo.uaNone,,,
,https://allo.uaNone,,,
,https://allo.uaNone,Ноутбук ASUS FX506HC-HN004 (90NR0724-M00NU0),45 999,https://allo.ua/ua/products/notebooks/asus-fx506hc-hn004-90nr0724-m00nu0.html
,https://allo.uaNone,,,
,https://allo.uaNone,,,
,https://allo.uaNone,,,
,https://allo.uaNone,Ноутбук ASUS FX506HC-HN004 (90NR0724-M00NU0),45 999,https://allo.ua/ua/products/notebooks/asus-fx506hc-hn004-90nr0724-m00nu0.html
,https://allo.uaNone,,,
,https://allo.uaNone,,,
,https://allo.uaNone,,,
,https://allo.uaNone,,45 999,
,https://allo.uaNone,,,
,https://allo.uaNone,,,
,https://allo.uaNone,Ноутбук MSI GF63 (GF6311SC-246XUA),39 499,https://allo.ua/ua/products/notebooks/msi-gf63-gf6311sc-246xua.html
,https://allo.uaNone,,,
,https://allo.uaNone,,,
,https://allo.uaNone,,,
,https://allo.uaNone,Ноутбук MSI GF63 (GF6311SC-246XUA),39 499,https://allo.ua/ua/products/notebooks/msi-gf63-gf6311sc-246xua.html
,https://allo.uaNone,,,
,https://allo.uaNone,,,
,https://allo.uaNone,,,
,https://allo.uaNone,,39 499,
,https://allo.uaNone,,,
,https://allo.uaNone,,,
,https://allo.uaNone,Ноутбук Lenovo Yoga Slim7 14ITL05 (82A300KNRA),38 699,https://allo.ua/ua/products/notebooks/lenovo-yoga-slim7-14itl05-82a300knra.html
,https://allo.uaNone,,,
,https://allo.uaNone,,,
,https://allo.uaNone,,,
,https://allo.uaNone,Ноутбук Lenovo Yoga Slim7 14ITL05 (82A300KNRA),38 699,https://allo.ua/ua/products/notebooks/lenovo-yoga-slim7-14itl05-82a300knra.html
,https://allo.uaNone,,,
,https://allo.uaNone,,,
,https://allo.uaNone,,,
,https://allo.uaNone,,38 699,
,https://allo.uaNone,,,
,https://allo.uaNone,,,
,https://allo.uaNone,Ноутбук Lenovo IdeaPad Gaming 3 15IHU6 (82K101FHRA),39 999,https://allo.ua/ua/products/notebooks/lenovo-ideapad-gaming-3-15ihu6-82k101fhra.html
,https://allo.uaNone,,,
,https://allo.uaNone,,,
,https://allo.uaNone,,,
,https://allo.uaNone,Ноутбук Lenovo IdeaPad Gaming 3 15IHU6 (82K101FHRA),39 999,https://allo.ua/ua/products/notebooks/lenovo-ideapad-gaming-3-15ihu6-82k101fhra.html
,https://allo.uaNone,,,
,https://allo.uaNone,,,
,https://allo.uaNone,,,
,https://allo.uaNone,,39 999,
,https://allo.uaNone,,,
,https://allo.uaNone,,,
,https://allo.uaNone,Ноутбук HP 255 G8 (27K51EA),17 255,https://allo.ua/ua/products/notebooks/hp-255-g8-27k51ea.html
,https://allo.uaNone,,,
,https://allo.uaNone,,,
,https://allo.uaNone,,,
,https://allo.uaNone,Ноутбук HP 255 G8 (27K51EA),17 255,https://allo.ua/ua/products/notebooks/hp-255-g8-27k51ea.html
,https://allo.uaNone,,,
,https://allo.uaNone,,,
,https://allo.uaNone,,,
,https://allo.uaNone,,17 255,
,https://allo.uaNone,,,
,https://allo.uaNone,,,
,https://allo.uaNone,Ноутбук Lenovo Yoga Slim7 14ITL05 (82A300KSRA),32 999,https://allo.ua/ua/products/notebooks/lenovo-yoga-slim7-14itl05-82a300ksra.html
,https://allo.uaNone,,,
,https://allo.uaNone,,,
,https://allo.uaNone,,,
,https://allo.uaNone,Ноутбук Lenovo Yoga Slim7 14ITL05 (82A300KSRA),32 999,https://allo.ua/ua/products/notebooks/lenovo-yoga-slim7-14itl05-82a300ksra.html
,https://allo.uaNone,,,
,https://allo.uaNone,,,
,https://allo.uaNone,,,
,https://allo.uaNone,,32 999,
,https://allo.uaNone,,,
,https://allo.uaNone,,,
,https://allo.uaNone,"Ноутбук Apple MacBook Pro 13"" M2 256GB (MNEP3) Silver",71 999,https://allo.ua/ua/products/notebooks/apple-macbook-pro-13-m2-256gb-mnep3-silver.html
,https://allo.uaNone,,,
,https://allo.uaNone,,,
,https://allo.uaNone,,,
,https://allo.uaNone,"Ноутбук Apple MacBook Pro 13"" M2 256GB (MNEP3) Silver",71 999,https://allo.ua/ua/products/notebooks/apple-macbook-pro-13-m2-256gb-mnep3-silver.html
,https://allo.uaNone,,,
,https://allo.uaNone,,,
,https://allo.uaNone,,,
,https://allo.uaNone,,71 999,
,https://allo.uaNone,,,
,https://allo.uaNone,,,
